rosbagTimestamp,header,seq,stamp,secs,nsecs,frame_id,level,name,msg,file,function,line,topics
1545136280619025623,,37590,,1545136277,305585738,'',2,"""/record_1545136276740265357""","""Subscribing to /vicon/obstle1/obstle1""","""/tmp/binarydeb/ros-kinetic-rosbag-1.12.14/src/recorder.cpp""","""shared_ptr<ros",212,[/rosout]
1545136280619237956,,37591,,1545136277,356528509,'',2,"""/hedge_rcv_bin""","""Address","""/home/rus/catkin_ws/src/marvelmind_robotics-ros_marvelmind_package-161ebebacf04/src/hedge_rcv_bin.cpp""","""main""",299,"[/rosout, /hedge_pos_ang, /hedge_pos_a, /hedge_pos, /beacons_pos_a, /hedge_imu_raw,"
1545136280619364416,,37592,,1545136277,409789150,'',2,"""/record_1545136276740265357""","""Subscribing to /beacon_raw_distance""","""/tmp/binarydeb/ros-kinetic-rosbag-1.12.14/src/recorder.cpp""","""shared_ptr<ros",212,[/rosout]
1545136280619727174,,37593,,1545136277,544921680,'',2,"""/record_1545136276740265357""","""Subscribing to /vicon/lidar/lidar""","""/tmp/binarydeb/ros-kinetic-rosbag-1.12.14/src/recorder.cpp""","""shared_ptr<ros",212,[/rosout]
1545136280619844858,,37594,,1545136277,593488019,'',2,"""/hedge_rcv_bin""","""Address","""/home/rus/catkin_ws/src/marvelmind_robotics-ros_marvelmind_package-161ebebacf04/src/hedge_rcv_bin.cpp""","""main""",299,"[/rosout, /hedge_pos_ang, /hedge_pos_a, /hedge_pos, /beacons_pos_a, /hedge_imu_raw,"
1545136280620680695,,37595,,1545136277,663972374,'',2,"""/record_1545136276740265357""","""Subscribing to /vicon/obstcale3/obstcale3""","""/tmp/binarydeb/ros-kinetic-rosbag-1.12.14/src/recorder.cpp""","""shared_ptr<ros",212,[/rosout]
1545136280620925130,,37596,,1545136277,711761405,'',2,"""/hedge_rcv_bin""","""Address","""/home/rus/catkin_ws/src/marvelmind_robotics-ros_marvelmind_package-161ebebacf04/src/hedge_rcv_bin.cpp""","""main""",299,"[/rosout, /hedge_pos_ang, /hedge_pos_a, /hedge_pos, /beacons_pos_a, /hedge_imu_raw,"
1545136280621156644,,37597,,1545136277,757600828,'',4,"""/vicon""","""palm occluded, not publishing... ""","""/home/ruslan/crazyflie_ws/src/vicon_bridge/src/vicon_bridge.cpp""","""process_subjects""",528,"[/rosout, /diagnostics, /tf, /vicon/markers, /vicon/cf1/cf1, /vicon/cf2/cf2, /vicon/lidar/lidar,"
1545136280621444793,,37598,,1545136277,829804091,'',2,"""/hedge_rcv_bin""","""Address","""/home/rus/catkin_ws/src/marvelmind_robotics-ros_marvelmind_package-161ebebacf04/src/hedge_rcv_bin.cpp""","""main""",299,"[/rosout, /hedge_pos_ang, /hedge_pos_a, /hedge_pos, /beacons_pos_a, /hedge_imu_raw,"
1545136280621583102,,37599,,1545136277,841845224,'',2,"""/record_1545136276740265357""","""Subscribing to /vicon/karton_big/karton_big""","""/tmp/binarydeb/ros-kinetic-rosbag-1.12.14/src/recorder.cpp""","""shared_ptr<ros",212,[/rosout]
1545136280621727232,,37600,,1545136277,957895605,'',2,"""/record_1545136276740265357""","""Subscribing to /vicon/palm/palm""","""/tmp/binarydeb/ros-kinetic-rosbag-1.12.14/src/recorder.cpp""","""shared_ptr<ros",212,[/rosout]
1545136280621867475,,37601,,1545136278,65765876,'',2,"""/hedge_rcv_bin""","""Address","""/home/rus/catkin_ws/src/marvelmind_robotics-ros_marvelmind_package-161ebebacf04/src/hedge_rcv_bin.cpp""","""main""",299,"[/rosout, /hedge_pos_ang, /hedge_pos_a, /hedge_pos, /beacons_pos_a, /hedge_imu_raw,"
1545136280621941172,,37602,,1545136278,126806200,'',2,"""/record_1545136276740265357""","""Subscribing to /hedge_imu_fusion""","""/tmp/binarydeb/ros-kinetic-rosbag-1.12.14/src/recorder.cpp""","""shared_ptr<ros",212,[/rosout]
1545136280621970946,,37603,,1545136278,184360562,'',2,"""/hedge_rcv_bin""","""Address","""/home/rus/catkin_ws/src/marvelmind_robotics-ros_marvelmind_package-161ebebacf04/src/hedge_rcv_bin.cpp""","""main""",299,"[/rosout, /hedge_pos_ang, /hedge_pos_a, /hedge_pos, /beacons_pos_a, /hedge_imu_raw,"
1545136280622007096,,37604,,1545136278,302719914,'',2,"""/hedge_rcv_bin""","""Address","""/home/rus/catkin_ws/src/marvelmind_robotics-ros_marvelmind_package-161ebebacf04/src/hedge_rcv_bin.cpp""","""main""",299,"[/rosout, /hedge_pos_ang, /hedge_pos_a, /hedge_pos, /beacons_pos_a, /hedge_imu_raw,"
1545136280622100648,,37605,,1545136278,304913606,'',2,"""/record_1545136276740265357""","""Subscribing to /diagnostics""","""/tmp/binarydeb/ros-kinetic-rosbag-1.12.14/src/recorder.cpp""","""shared_ptr<ros",212,[/rosout]
1545136280622131014,,37606,,1545136278,420758910,'',2,"""/hedge_rcv_bin""","""Address","""/home/rus/catkin_ws/src/marvelmind_robotics-ros_marvelmind_package-161ebebacf04/src/hedge_rcv_bin.cpp""","""main""",299,"[/rosout, /hedge_pos_ang, /hedge_pos_a, /hedge_pos, /beacons_pos_a, /hedge_imu_raw,"
1545136280622178799,,37607,,1545136278,456242240,'',2,"""/record_1545136276740265357""","""Subscribing to /vicon/cf1/cf1""","""/tmp/binarydeb/ros-kinetic-rosbag-1.12.14/src/recorder.cpp""","""shared_ptr<ros",212,[/rosout]
1545136280622219594,,37608,,1545136278,538665365,'',2,"""/hedge_rcv_bin""","""Address","""/home/rus/catkin_ws/src/marvelmind_robotics-ros_marvelmind_package-161ebebacf04/src/hedge_rcv_bin.cpp""","""main""",299,"[/rosout, /hedge_pos_ang, /hedge_pos_a, /hedge_pos, /beacons_pos_a, /hedge_imu_raw,"
1545136280622269295,,37609,,1545136278,585292255,'',2,"""/record_1545136276740265357""","""Subscribing to /hedge_imu_raw""","""/tmp/binarydeb/ros-kinetic-rosbag-1.12.14/src/recorder.cpp""","""shared_ptr<ros",212,[/rosout]
1545136280622322625,,37610,,1545136278,656678476,'',2,"""/hedge_rcv_bin""","""Address","""/home/rus/catkin_ws/src/marvelmind_robotics-ros_marvelmind_package-161ebebacf04/src/hedge_rcv_bin.cpp""","""main""",299,"[/rosout, /hedge_pos_ang, /hedge_pos_a, /hedge_pos, /beacons_pos_a, /hedge_imu_raw,"
1545136280622398376,,37611,,1545136278,715377406,'',2,"""/record_1545136276740265357""","""Subscribing to /imu/data""","""/tmp/binarydeb/ros-kinetic-rosbag-1.12.14/src/recorder.cpp""","""shared_ptr<ros",212,[/rosout]
1545136280622471247,,37612,,1545136278,754804500,'',4,"""/vicon""","""palm occluded, not publishing... ""","""/home/ruslan/crazyflie_ws/src/vicon_bridge/src/vicon_bridge.cpp""","""process_subjects""",528,"[/rosout, /diagnostics, /tf, /vicon/markers, /vicon/cf1/cf1, /vicon/cf2/cf2, /vicon/lidar/lidar,"
1545136280622544922,,37613,,1545136278,776469351,'',2,"""/hedge_rcv_bin""","""Address","""/home/rus/catkin_ws/src/marvelmind_robotics-ros_marvelmind_package-161ebebacf04/src/hedge_rcv_bin.cpp""","""main""",299,"[/rosout, /hedge_pos_ang, /hedge_pos_a, /hedge_pos, /beacons_pos_a, /hedge_imu_raw,"
1545136280622602439,,37614,,1545136278,808646671,'',2,"""/record_1545136276740265357""","""Subscribing to /vicon/obstcale1/obstcale1""","""/tmp/binarydeb/ros-kinetic-rosbag-1.12.14/src/recorder.cpp""","""shared_ptr<ros",212,[/rosout]
1545136280622713937,,37615,,1545136278,873319701,'',2,"""/record_1545136276740265357""","""Subscribing to /rosout""","""/tmp/binarydeb/ros-kinetic-rosbag-1.12.14/src/recorder.cpp""","""shared_ptr<ros",212,[/rosout]
1545136280622734190,,37616,,1545136278,893606565,'',2,"""/hedge_rcv_bin""","""Address","""/home/rus/catkin_ws/src/marvelmind_robotics-ros_marvelmind_package-161ebebacf04/src/hedge_rcv_bin.cpp""","""main""",299,"[/rosout, /hedge_pos_ang, /hedge_pos_a, /hedge_pos, /beacons_pos_a, /hedge_imu_raw,"
1545136280622820921,,37617,,1545136278,952424331,'',2,"""/record_1545136276740265357""","""Subscribing to /imu/mag""","""/tmp/binarydeb/ros-kinetic-rosbag-1.12.14/src/recorder.cpp""","""shared_ptr<ros",212,[/rosout]
1545136280622918624,,37618,,1545136279,11484446,'',2,"""/hedge_rcv_bin""","""Address","""/home/rus/catkin_ws/src/marvelmind_robotics-ros_marvelmind_package-161ebebacf04/src/hedge_rcv_bin.cpp""","""main""",299,"[/rosout, /hedge_pos_ang, /hedge_pos_a, /hedge_pos, /beacons_pos_a, /hedge_imu_raw,"
1545136280622939710,,37619,,1545136279,70037523,'',2,"""/record_1545136276740265357""","""Subscribing to /vicon/obstacle0/obstacle0""","""/tmp/binarydeb/ros-kinetic-rosbag-1.12.14/src/recorder.cpp""","""shared_ptr<ros",212,[/rosout]
1545136280623111899,,37620,,1545136279,129560209,'',2,"""/hedge_rcv_bin""","""Address","""/home/rus/catkin_ws/src/marvelmind_robotics-ros_marvelmind_package-161ebebacf04/src/hedge_rcv_bin.cpp""","""main""",299,"[/rosout, /hedge_pos_ang, /hedge_pos_a, /hedge_pos, /beacons_pos_a, /hedge_imu_raw,"
1545136280623234461,,37621,,1545136279,160528257,'',2,"""/record_1545136276740265357""","""Subscribing to /vicon/obstacle1/obstacle1""","""/tmp/binarydeb/ros-kinetic-rosbag-1.12.14/src/recorder.cpp""","""shared_ptr<ros",212,[/rosout]
1545136280623596754,,37622,,1545136279,243303141,'',2,"""/record_1545136276740265357""","""Subscribing to /vicon/obstcle1/obstcle1""","""/tmp/binarydeb/ros-kinetic-rosbag-1.12.14/src/recorder.cpp""","""shared_ptr<ros",212,[/rosout]
1545136280624038471,,37623,,1545136279,248541339,'',2,"""/hedge_rcv_bin""","""Address","""/home/rus/catkin_ws/src/marvelmind_robotics-ros_marvelmind_package-161ebebacf04/src/hedge_rcv_bin.cpp""","""main""",299,"[/rosout, /hedge_pos_ang, /hedge_pos_a, /hedge_pos, /beacons_pos_a, /hedge_imu_raw,"
1545136280624446055,,37624,,1545136279,350218471,'',2,"""/record_1545136276740265357""","""Subscribing to /vicon/cf3/cf3""","""/tmp/binarydeb/ros-kinetic-rosbag-1.12.14/src/recorder.cpp""","""shared_ptr<ros",212,[/rosout]
1545136280624543812,,37625,,1545136279,366619225,'',2,"""/hedge_rcv_bin""","""Address","""/home/rus/catkin_ws/src/marvelmind_robotics-ros_marvelmind_package-161ebebacf04/src/hedge_rcv_bin.cpp""","""main""",299,"[/rosout, /hedge_pos_ang, /hedge_pos_a, /hedge_pos, /beacons_pos_a, /hedge_imu_raw,"
1545136280624798469,,37626,,1545136279,455789098,'',2,"""/record_1545136276740265357""","""Subscribing to /hedge_pos_ang""","""/tmp/binarydeb/ros-kinetic-rosbag-1.12.14/src/recorder.cpp""","""shared_ptr<ros",212,[/rosout]
1545136280624860420,,37627,,1545136279,561574599,'',2,"""/record_1545136276740265357""","""Subscribing to /vicon/obstacle2/obstacle2""","""/tmp/binarydeb/ros-kinetic-rosbag-1.12.14/src/recorder.cpp""","""shared_ptr<ros",212,[/rosout]
1545136280624916882,,37628,,1545136279,602664850,'',2,"""/hedge_rcv_bin""","""Address","""/home/rus/catkin_ws/src/marvelmind_robotics-ros_marvelmind_package-161ebebacf04/src/hedge_rcv_bin.cpp""","""main""",299,"[/rosout, /hedge_pos_ang, /hedge_pos_a, /hedge_pos, /beacons_pos_a, /hedge_imu_raw,"
1545136280625254825,,37629,,1545136279,678102214,'',2,"""/record_1545136276740265357""","""Subscribing to /vicon/obstacle5/obstacle5""","""/tmp/binarydeb/ros-kinetic-rosbag-1.12.14/src/recorder.cpp""","""shared_ptr<ros",212,[/rosout]
1545136280625336220,,37630,,1545136279,720770633,'',2,"""/hedge_rcv_bin""","""Address","""/home/rus/catkin_ws/src/marvelmind_robotics-ros_marvelmind_package-161ebebacf04/src/hedge_rcv_bin.cpp""","""main""",299,"[/rosout, /hedge_pos_ang, /hedge_pos_a, /hedge_pos, /beacons_pos_a, /hedge_imu_raw,"
1545136280625620486,,37631,,1545136279,755579619,'',4,"""/vicon""","""palm occluded, not publishing... ""","""/home/ruslan/crazyflie_ws/src/vicon_bridge/src/vicon_bridge.cpp""","""process_subjects""",528,"[/rosout, /diagnostics, /tf, /vicon/markers, /vicon/cf1/cf1, /vicon/cf2/cf2, /vicon/lidar/lidar,"
1545136280629833296,,37632,,1545136279,823798768,'',2,"""/record_1545136276740265357""","""Subscribing to /vicon/cf2/cf2""","""/tmp/binarydeb/ros-kinetic-rosbag-1.12.14/src/recorder.cpp""","""shared_ptr<ros",212,[/rosout]
1545136280629964607,,37633,,1545136279,840239212,'',2,"""/hedge_rcv_bin""","""Address","""/home/rus/catkin_ws/src/marvelmind_robotics-ros_marvelmind_package-161ebebacf04/src/hedge_rcv_bin.cpp""","""main""",299,"[/rosout, /hedge_pos_ang, /hedge_pos_a, /hedge_pos, /beacons_pos_a, /hedge_imu_raw,"
1545136280630159423,,37634,,1545136279,941841197,'',2,"""/record_1545136276740265357""","""Subscribing to /hedge_pos""","""/tmp/binarydeb/ros-kinetic-rosbag-1.12.14/src/recorder.cpp""","""shared_ptr<ros",212,[/rosout]
1545136280630578474,,37635,,1545136279,957535219,'',2,"""/hedge_rcv_bin""","""Address","""/home/rus/catkin_ws/src/marvelmind_robotics-ros_marvelmind_package-161ebebacf04/src/hedge_rcv_bin.cpp""","""main""",299,"[/rosout, /hedge_pos_ang, /hedge_pos_a, /hedge_pos, /beacons_pos_a, /hedge_imu_raw,"
1545136280630630359,,37636,,1545136280,75610780,'',2,"""/hedge_rcv_bin""","""Address","""/home/rus/catkin_ws/src/marvelmind_robotics-ros_marvelmind_package-161ebebacf04/src/hedge_rcv_bin.cpp""","""main""",299,"[/rosout, /hedge_pos_ang, /hedge_pos_a, /hedge_pos, /beacons_pos_a, /hedge_imu_raw,"
1545136280630659639,,37637,,1545136280,82475830,'',2,"""/record_1545136276740265357""","""Subscribing to /beacons_pos_a""","""/tmp/binarydeb/ros-kinetic-rosbag-1.12.14/src/recorder.cpp""","""shared_ptr<ros",212,[/rosout]
1545136280630791354,,37638,,1545136280,193427652,'',2,"""/hedge_rcv_bin""","""Address","""/home/rus/catkin_ws/src/marvelmind_robotics-ros_marvelmind_package-161ebebacf04/src/hedge_rcv_bin.cpp""","""main""",299,"[/rosout, /hedge_pos_ang, /hedge_pos_a, /hedge_pos, /beacons_pos_a, /hedge_imu_raw,"
1545136280630975714,,37639,,1545136280,213745596,'',2,"""/record_1545136276740265357""","""Subscribing to /vicon/obstale3/obstale3""","""/tmp/binarydeb/ros-kinetic-rosbag-1.12.14/src/recorder.cpp""","""shared_ptr<ros",212,[/rosout]
1545136280631003776,,37640,,1545136280,311572633,'',2,"""/hedge_rcv_bin""","""Address","""/home/rus/catkin_ws/src/marvelmind_robotics-ros_marvelmind_package-161ebebacf04/src/hedge_rcv_bin.cpp""","""main""",299,"[/rosout, /hedge_pos_ang, /hedge_pos_a, /hedge_pos, /beacons_pos_a, /hedge_imu_raw,"
1545136280631500833,,37641,,1545136280,348272175,'',2,"""/record_1545136276740265357""","""Subscribing to /hedge_pos_a""","""/tmp/binarydeb/ros-kinetic-rosbag-1.12.14/src/recorder.cpp""","""shared_ptr<ros",212,[/rosout]
1545136280631522120,,37642,,1545136280,430640198,'',2,"""/hedge_rcv_bin""","""Address","""/home/rus/catkin_ws/src/marvelmind_robotics-ros_marvelmind_package-161ebebacf04/src/hedge_rcv_bin.cpp""","""main""",299,"[/rosout, /hedge_pos_ang, /hedge_pos_a, /hedge_pos, /beacons_pos_a, /hedge_imu_raw,"
1545136280631686588,,37643,,1545136280,493263003,'',2,"""/record_1545136276740265357""","""Subscribing to /vicon/obstacle4/obstacle4""","""/tmp/binarydeb/ros-kinetic-rosbag-1.12.14/src/recorder.cpp""","""shared_ptr<ros",212,[/rosout]
1545136280632112681,,37644,,1545136280,548630822,'',2,"""/hedge_rcv_bin""","""Address","""/home/rus/catkin_ws/src/marvelmind_robotics-ros_marvelmind_package-161ebebacf04/src/hedge_rcv_bin.cpp""","""main""",299,"[/rosout, /hedge_pos_ang, /hedge_pos_a, /hedge_pos, /beacons_pos_a, /hedge_imu_raw,"
1545136280672093758,,37645,,1545136280,666137063,'',2,"""/hedge_rcv_bin""","""Address","""/home/rus/catkin_ws/src/marvelmind_robotics-ros_marvelmind_package-161ebebacf04/src/hedge_rcv_bin.cpp""","""main""",299,"[/rosout, /hedge_pos_ang, /hedge_pos_a, /hedge_pos, /beacons_pos_a, /hedge_imu_raw,"
1545136280758801041,,37646,,1545136280,754195487,'',4,"""/vicon""","""palm occluded, not publishing... ""","""/home/ruslan/crazyflie_ws/src/vicon_bridge/src/vicon_bridge.cpp""","""process_subjects""",528,"[/rosout, /diagnostics, /tf, /vicon/markers, /vicon/cf1/cf1, /vicon/cf2/cf2, /vicon/lidar/lidar,"
1545136280793569629,,37647,,1545136280,784367678,'',2,"""/hedge_rcv_bin""","""Address","""/home/rus/catkin_ws/src/marvelmind_robotics-ros_marvelmind_package-161ebebacf04/src/hedge_rcv_bin.cpp""","""main""",299,"[/rosout, /hedge_pos_ang, /hedge_pos_a, /hedge_pos, /beacons_pos_a, /hedge_imu_raw,"
1545136280906299664,,37648,,1545136280,903567225,'',2,"""/hedge_rcv_bin""","""Address","""/home/rus/catkin_ws/src/marvelmind_robotics-ros_marvelmind_package-161ebebacf04/src/hedge_rcv_bin.cpp""","""main""",299,"[/rosout, /hedge_pos_ang, /hedge_pos_a, /hedge_pos, /beacons_pos_a, /hedge_imu_raw,"
1545136281026586147,,37649,,1545136281,21424463,'',2,"""/hedge_rcv_bin""","""Address","""/home/rus/catkin_ws/src/marvelmind_robotics-ros_marvelmind_package-161ebebacf04/src/hedge_rcv_bin.cpp""","""main""",299,"[/rosout, /hedge_pos_ang, /hedge_pos_a, /hedge_pos, /beacons_pos_a, /hedge_imu_raw,"
1545136281156322668,,37650,,1545136281,139479171,'',2,"""/hedge_rcv_bin""","""Address","""/home/rus/catkin_ws/src/marvelmind_robotics-ros_marvelmind_package-161ebebacf04/src/hedge_rcv_bin.cpp""","""main""",299,"[/rosout, /hedge_pos_ang, /hedge_pos_a, /hedge_pos, /beacons_pos_a, /hedge_imu_raw,"
1545136281262524278,,37651,,1545136281,257704363,'',2,"""/hedge_rcv_bin""","""Address","""/home/rus/catkin_ws/src/marvelmind_robotics-ros_marvelmind_package-161ebebacf04/src/hedge_rcv_bin.cpp""","""main""",299,"[/rosout, /hedge_pos_ang, /hedge_pos_a, /hedge_pos, /beacons_pos_a, /hedge_imu_raw,"
1545136281381002977,,37652,,1545136281,375552515,'',2,"""/hedge_rcv_bin""","""Address","""/home/rus/catkin_ws/src/marvelmind_robotics-ros_marvelmind_package-161ebebacf04/src/hedge_rcv_bin.cpp""","""main""",299,"[/rosout, /hedge_pos_ang, /hedge_pos_a, /hedge_pos, /beacons_pos_a, /hedge_imu_raw,"
1545136281497211150,,37653,,1545136281,494436700,'',2,"""/hedge_rcv_bin""","""Address","""/home/rus/catkin_ws/src/marvelmind_robotics-ros_marvelmind_package-161ebebacf04/src/hedge_rcv_bin.cpp""","""main""",299,"[/rosout, /hedge_pos_ang, /hedge_pos_a, /hedge_pos, /beacons_pos_a, /hedge_imu_raw,"
1545136281618366846,,37654,,1545136281,612462099,'',2,"""/hedge_rcv_bin""","""Address","""/home/rus/catkin_ws/src/marvelmind_robotics-ros_marvelmind_package-161ebebacf04/src/hedge_rcv_bin.cpp""","""main""",299,"[/rosout, /hedge_pos_ang, /hedge_pos_a, /hedge_pos, /beacons_pos_a, /hedge_imu_raw,"
1545136281735596252,,37655,,1545136281,730502393,'',2,"""/hedge_rcv_bin""","""Address","""/home/rus/catkin_ws/src/marvelmind_robotics-ros_marvelmind_package-161ebebacf04/src/hedge_rcv_bin.cpp""","""main""",299,"[/rosout, /hedge_pos_ang, /hedge_pos_a, /hedge_pos, /beacons_pos_a, /hedge_imu_raw,"
1545136281760614826,,37656,,1545136281,756420222,'',4,"""/vicon""","""palm occluded, not publishing... ""","""/home/ruslan/crazyflie_ws/src/vicon_bridge/src/vicon_bridge.cpp""","""process_subjects""",528,"[/rosout, /diagnostics, /tf, /vicon/markers, /vicon/cf1/cf1, /vicon/cf2/cf2, /vicon/lidar/lidar,"
1545136281853253103,,37657,,1545136281,848741191,'',2,"""/hedge_rcv_bin""","""Address","""/home/rus/catkin_ws/src/marvelmind_robotics-ros_marvelmind_package-161ebebacf04/src/hedge_rcv_bin.cpp""","""main""",299,"[/rosout, /hedge_pos_ang, /hedge_pos_a, /hedge_pos, /beacons_pos_a, /hedge_imu_raw,"
1545136281974500993,,37658,,1545136281,967165782,'',2,"""/hedge_rcv_bin""","""Address","""/home/rus/catkin_ws/src/marvelmind_robotics-ros_marvelmind_package-161ebebacf04/src/hedge_rcv_bin.cpp""","""main""",299,"[/rosout, /hedge_pos_ang, /hedge_pos_a, /hedge_pos, /beacons_pos_a, /hedge_imu_raw,"
1545136282091778334,,37659,,1545136282,85170905,'',2,"""/hedge_rcv_bin""","""Address","""/home/rus/catkin_ws/src/marvelmind_robotics-ros_marvelmind_package-161ebebacf04/src/hedge_rcv_bin.cpp""","""main""",299,"[/rosout, /hedge_pos_ang, /hedge_pos_a, /hedge_pos, /beacons_pos_a, /hedge_imu_raw,"
1545136282209472707,,37660,,1545136282,203576054,'',2,"""/hedge_rcv_bin""","""Address","""/home/rus/catkin_ws/src/marvelmind_robotics-ros_marvelmind_package-161ebebacf04/src/hedge_rcv_bin.cpp""","""main""",299,"[/rosout, /hedge_pos_ang, /hedge_pos_a, /hedge_pos, /beacons_pos_a, /hedge_imu_raw,"
1545136282327237712,,37661,,1545136282,321459792,'',2,"""/hedge_rcv_bin""","""Address","""/home/rus/catkin_ws/src/marvelmind_robotics-ros_marvelmind_package-161ebebacf04/src/hedge_rcv_bin.cpp""","""main""",299,"[/rosout, /hedge_pos_ang, /hedge_pos_a, /hedge_pos, /beacons_pos_a, /hedge_imu_raw,"
1545136282446522295,,37662,,1545136282,439451511,'',2,"""/hedge_rcv_bin""","""Address","""/home/rus/catkin_ws/src/marvelmind_robotics-ros_marvelmind_package-161ebebacf04/src/hedge_rcv_bin.cpp""","""main""",299,"[/rosout, /hedge_pos_ang, /hedge_pos_a, /hedge_pos, /beacons_pos_a, /hedge_imu_raw,"
1545136282562671330,,37663,,1545136282,557478502,'',2,"""/hedge_rcv_bin""","""Address","""/home/rus/catkin_ws/src/marvelmind_robotics-ros_marvelmind_package-161ebebacf04/src/hedge_rcv_bin.cpp""","""main""",299,"[/rosout, /hedge_pos_ang, /hedge_pos_a, /hedge_pos, /beacons_pos_a, /hedge_imu_raw,"
1545136282686299593,,37664,,1545136282,676501798,'',2,"""/hedge_rcv_bin""","""Address","""/home/rus/catkin_ws/src/marvelmind_robotics-ros_marvelmind_package-161ebebacf04/src/hedge_rcv_bin.cpp""","""main""",299,"[/rosout, /hedge_pos_ang, /hedge_pos_a, /hedge_pos, /beacons_pos_a, /hedge_imu_raw,"
1545136282760356360,,37665,,1545136282,753993687,'',4,"""/vicon""","""palm occluded, not publishing... ""","""/home/ruslan/crazyflie_ws/src/vicon_bridge/src/vicon_bridge.cpp""","""process_subjects""",528,"[/rosout, /diagnostics, /tf, /vicon/markers, /vicon/cf1/cf1, /vicon/cf2/cf2, /vicon/lidar/lidar,"
1545136282809025091,,37666,,1545136282,794706981,'',2,"""/hedge_rcv_bin""","""Address","""/home/rus/catkin_ws/src/marvelmind_robotics-ros_marvelmind_package-161ebebacf04/src/hedge_rcv_bin.cpp""","""main""",299,"[/rosout, /hedge_pos_ang, /hedge_pos_a, /hedge_pos, /beacons_pos_a, /hedge_imu_raw,"
1545136282916668236,,37667,,1545136282,912403545,'',2,"""/hedge_rcv_bin""","""Address","""/home/rus/catkin_ws/src/marvelmind_robotics-ros_marvelmind_package-161ebebacf04/src/hedge_rcv_bin.cpp""","""main""",299,"[/rosout, /hedge_pos_ang, /hedge_pos_a, /hedge_pos, /beacons_pos_a, /hedge_imu_raw,"
1545136283159320396,,37668,,1545136283,149499860,'',2,"""/hedge_rcv_bin""","""Address","""/home/rus/catkin_ws/src/marvelmind_robotics-ros_marvelmind_package-161ebebacf04/src/hedge_rcv_bin.cpp""","""main""",299,"[/rosout, /hedge_pos_ang, /hedge_pos_a, /hedge_pos, /beacons_pos_a, /hedge_imu_raw,"
1545136283308931287,,37669,,1545136283,267657537,'',2,"""/hedge_rcv_bin""","""Address","""/home/rus/catkin_ws/src/marvelmind_robotics-ros_marvelmind_package-161ebebacf04/src/hedge_rcv_bin.cpp""","""main""",299,"[/rosout, /hedge_pos_ang, /hedge_pos_a, /hedge_pos, /beacons_pos_a, /hedge_imu_raw,"
1545136283394120435,,37670,,1545136283,385572625,'',2,"""/hedge_rcv_bin""","""Address","""/home/rus/catkin_ws/src/marvelmind_robotics-ros_marvelmind_package-161ebebacf04/src/hedge_rcv_bin.cpp""","""main""",299,"[/rosout, /hedge_pos_ang, /hedge_pos_a, /hedge_pos, /beacons_pos_a, /hedge_imu_raw,"
1545136283514603693,,37671,,1545136283,503681060,'',2,"""/hedge_rcv_bin""","""Address","""/home/rus/catkin_ws/src/marvelmind_robotics-ros_marvelmind_package-161ebebacf04/src/hedge_rcv_bin.cpp""","""main""",299,"[/rosout, /hedge_pos_ang, /hedge_pos_a, /hedge_pos, /beacons_pos_a, /hedge_imu_raw,"
1545136283631353867,,37672,,1545136283,621475240,'',2,"""/hedge_rcv_bin""","""Address","""/home/rus/catkin_ws/src/marvelmind_robotics-ros_marvelmind_package-161ebebacf04/src/hedge_rcv_bin.cpp""","""main""",299,"[/rosout, /hedge_pos_ang, /hedge_pos_a, /hedge_pos, /beacons_pos_a, /hedge_imu_raw,"
1545136283746599596,,37673,,1545136283,740476074,'',2,"""/hedge_rcv_bin""","""Address","""/home/rus/catkin_ws/src/marvelmind_robotics-ros_marvelmind_package-161ebebacf04/src/hedge_rcv_bin.cpp""","""main""",299,"[/rosout, /hedge_pos_ang, /hedge_pos_a, /hedge_pos, /beacons_pos_a, /hedge_imu_raw,"
1545136283760292272,,37674,,1545136283,756037178,'',4,"""/vicon""","""palm occluded, not publishing... ""","""/home/ruslan/crazyflie_ws/src/vicon_bridge/src/vicon_bridge.cpp""","""process_subjects""",528,"[/rosout, /diagnostics, /tf, /vicon/markers, /vicon/cf1/cf1, /vicon/cf2/cf2, /vicon/lidar/lidar,"
1545136284372850020,,37675,,1545136284,331539019,'',2,"""/hedge_rcv_bin""","""Address","""/home/rus/catkin_ws/src/marvelmind_robotics-ros_marvelmind_package-161ebebacf04/src/hedge_rcv_bin.cpp""","""main""",299,"[/rosout, /hedge_pos_ang, /hedge_pos_a, /hedge_pos, /beacons_pos_a, /hedge_imu_raw,"
1545136284465258233,,37676,,1545136284,449439957,'',2,"""/hedge_rcv_bin""","""Address","""/home/rus/catkin_ws/src/marvelmind_robotics-ros_marvelmind_package-161ebebacf04/src/hedge_rcv_bin.cpp""","""main""",299,"[/rosout, /hedge_pos_ang, /hedge_pos_a, /hedge_pos, /beacons_pos_a, /hedge_imu_raw,"
1545136284579482692,,37677,,1545136284,567364603,'',2,"""/hedge_rcv_bin""","""Address","""/home/rus/catkin_ws/src/marvelmind_robotics-ros_marvelmind_package-161ebebacf04/src/hedge_rcv_bin.cpp""","""main""",299,"[/rosout, /hedge_pos_ang, /hedge_pos_a, /hedge_pos, /beacons_pos_a, /hedge_imu_raw,"
1545136284699728351,,37678,,1545136284,685747956,'',2,"""/hedge_rcv_bin""","""Address","""/home/rus/catkin_ws/src/marvelmind_robotics-ros_marvelmind_package-161ebebacf04/src/hedge_rcv_bin.cpp""","""main""",299,"[/rosout, /hedge_pos_ang, /hedge_pos_a, /hedge_pos, /beacons_pos_a, /hedge_imu_raw,"
1545136284763604603,,37679,,1545136284,755239294,'',4,"""/vicon""","""palm occluded, not publishing... ""","""/home/ruslan/crazyflie_ws/src/vicon_bridge/src/vicon_bridge.cpp""","""process_subjects""",528,"[/rosout, /diagnostics, /tf, /vicon/markers, /vicon/cf1/cf1, /vicon/cf2/cf2, /vicon/lidar/lidar,"
1545136284811439622,,37680,,1545136284,803566230,'',2,"""/hedge_rcv_bin""","""Address","""/home/rus/catkin_ws/src/marvelmind_robotics-ros_marvelmind_package-161ebebacf04/src/hedge_rcv_bin.cpp""","""main""",299,"[/rosout, /hedge_pos_ang, /hedge_pos_a, /hedge_pos, /beacons_pos_a, /hedge_imu_raw,"
1545136284948734924,,37681,,1545136284,922753733,'',2,"""/hedge_rcv_bin""","""Address","""/home/rus/catkin_ws/src/marvelmind_robotics-ros_marvelmind_package-161ebebacf04/src/hedge_rcv_bin.cpp""","""main""",299,"[/rosout, /hedge_pos_ang, /hedge_pos_a, /hedge_pos, /beacons_pos_a, /hedge_imu_raw,"
1545136285054869496,,37682,,1545136285,40598006,'',2,"""/hedge_rcv_bin""","""Address","""/home/rus/catkin_ws/src/marvelmind_robotics-ros_marvelmind_package-161ebebacf04/src/hedge_rcv_bin.cpp""","""main""",299,"[/rosout, /hedge_pos_ang, /hedge_pos_a, /hedge_pos, /beacons_pos_a, /hedge_imu_raw,"
1545136285168530753,,37683,,1545136285,159467145,'',2,"""/hedge_rcv_bin""","""Address","""/home/rus/catkin_ws/src/marvelmind_robotics-ros_marvelmind_package-161ebebacf04/src/hedge_rcv_bin.cpp""","""main""",299,"[/rosout, /hedge_pos_ang, /hedge_pos_a, /hedge_pos, /beacons_pos_a, /hedge_imu_raw,"
1545136285286009143,,37684,,1545136285,276639511,'',2,"""/hedge_rcv_bin""","""Address","""/home/rus/catkin_ws/src/marvelmind_robotics-ros_marvelmind_package-161ebebacf04/src/hedge_rcv_bin.cpp""","""main""",299,"[/rosout, /hedge_pos_ang, /hedge_pos_a, /hedge_pos, /beacons_pos_a, /hedge_imu_raw,"
1545136285404353082,,37685,,1545136285,395523035,'',2,"""/hedge_rcv_bin""","""Address","""/home/rus/catkin_ws/src/marvelmind_robotics-ros_marvelmind_package-161ebebacf04/src/hedge_rcv_bin.cpp""","""main""",299,"[/rosout, /hedge_pos_ang, /hedge_pos_a, /hedge_pos, /beacons_pos_a, /hedge_imu_raw,"
1545136285518127862,,37686,,1545136285,513673645,'',2,"""/hedge_rcv_bin""","""Address","""/home/rus/catkin_ws/src/marvelmind_robotics-ros_marvelmind_package-161ebebacf04/src/hedge_rcv_bin.cpp""","""main""",299,"[/rosout, /hedge_pos_ang, /hedge_pos_a, /hedge_pos, /beacons_pos_a, /hedge_imu_raw,"
1545136285646252213,,37687,,1545136285,631530075,'',2,"""/hedge_rcv_bin""","""Address","""/home/rus/catkin_ws/src/marvelmind_robotics-ros_marvelmind_package-161ebebacf04/src/hedge_rcv_bin.cpp""","""main""",299,"[/rosout, /hedge_pos_ang, /hedge_pos_a, /hedge_pos, /beacons_pos_a, /hedge_imu_raw,"
1545136285753924260,,37688,,1545136285,744978744,'',2,"""/hedge_rcv_bin""","""Stationary beacon","""/home/rus/catkin_ws/src/marvelmind_robotics-ros_marvelmind_package-161ebebacf04/src/hedge_rcv_bin.cpp""","""main""",312,"[/rosout, /hedge_pos_ang, /hedge_pos_a, /hedge_pos, /beacons_pos_a, /hedge_imu_raw,"
1545136285765954292,,37689,,1545136285,756115769,'',4,"""/vicon""","""palm occluded, not publishing... ""","""/home/ruslan/crazyflie_ws/src/vicon_bridge/src/vicon_bridge.cpp""","""process_subjects""",528,"[/rosout, /diagnostics, /tf, /vicon/markers, /vicon/cf1/cf1, /vicon/cf2/cf2, /vicon/lidar/lidar,"
1545136285780435788,,37690,,1545136285,745167647,'',2,"""/hedge_rcv_bin""","""Stationary beacon","""/home/rus/catkin_ws/src/marvelmind_robotics-ros_marvelmind_package-161ebebacf04/src/hedge_rcv_bin.cpp""","""main""",312,"[/rosout, /hedge_pos_ang, /hedge_pos_a, /hedge_pos, /beacons_pos_a, /hedge_imu_raw,"
1545136285780499849,,37691,,1545136285,745322213,'',2,"""/hedge_rcv_bin""","""Stationary beacon","""/home/rus/catkin_ws/src/marvelmind_robotics-ros_marvelmind_package-161ebebacf04/src/hedge_rcv_bin.cpp""","""main""",312,"[/rosout, /hedge_pos_ang, /hedge_pos_a, /hedge_pos, /beacons_pos_a, /hedge_imu_raw,"
1545136286107179750,,37692,,1545136286,104670454,'',2,"""/hedge_rcv_bin""","""Address","""/home/rus/catkin_ws/src/marvelmind_robotics-ros_marvelmind_package-161ebebacf04/src/hedge_rcv_bin.cpp""","""main""",299,"[/rosout, /hedge_pos_ang, /hedge_pos_a, /hedge_pos, /beacons_pos_a, /hedge_imu_raw,"
1545136286225327157,,37693,,1545136286,222555834,'',2,"""/hedge_rcv_bin""","""Address","""/home/rus/catkin_ws/src/marvelmind_robotics-ros_marvelmind_package-161ebebacf04/src/hedge_rcv_bin.cpp""","""main""",299,"[/rosout, /hedge_pos_ang, /hedge_pos_a, /hedge_pos, /beacons_pos_a, /hedge_imu_raw,"
1545136286348932591,,37694,,1545136286,341350433,'',2,"""/hedge_rcv_bin""","""Address","""/home/rus/catkin_ws/src/marvelmind_robotics-ros_marvelmind_package-161ebebacf04/src/hedge_rcv_bin.cpp""","""main""",299,"[/rosout, /hedge_pos_ang, /hedge_pos_a, /hedge_pos, /beacons_pos_a, /hedge_imu_raw,"
1545136286471033172,,37695,,1545136286,459663944,'',2,"""/hedge_rcv_bin""","""Address","""/home/rus/catkin_ws/src/marvelmind_robotics-ros_marvelmind_package-161ebebacf04/src/hedge_rcv_bin.cpp""","""main""",299,"[/rosout, /hedge_pos_ang, /hedge_pos_a, /hedge_pos, /beacons_pos_a, /hedge_imu_raw,"
1545136286586227841,,37696,,1545136286,577577166,'',2,"""/hedge_rcv_bin""","""Address","""/home/rus/catkin_ws/src/marvelmind_robotics-ros_marvelmind_package-161ebebacf04/src/hedge_rcv_bin.cpp""","""main""",299,"[/rosout, /hedge_pos_ang, /hedge_pos_a, /hedge_pos, /beacons_pos_a, /hedge_imu_raw,"
1545136286758494185,,37697,,1545136286,754569520,'',4,"""/vicon""","""palm occluded, not publishing... ""","""/home/ruslan/crazyflie_ws/src/vicon_bridge/src/vicon_bridge.cpp""","""process_subjects""",528,"[/rosout, /diagnostics, /tf, /vicon/markers, /vicon/cf1/cf1, /vicon/cf2/cf2, /vicon/lidar/lidar,"
1545136286941970599,,37698,,1545136286,931649156,'',2,"""/hedge_rcv_bin""","""Address","""/home/rus/catkin_ws/src/marvelmind_robotics-ros_marvelmind_package-161ebebacf04/src/hedge_rcv_bin.cpp""","""main""",299,"[/rosout, /hedge_pos_ang, /hedge_pos_a, /hedge_pos, /beacons_pos_a, /hedge_imu_raw,"
1545136287056695407,,37699,,1545136287,50592333,'',2,"""/hedge_rcv_bin""","""Address","""/home/rus/catkin_ws/src/marvelmind_robotics-ros_marvelmind_package-161ebebacf04/src/hedge_rcv_bin.cpp""","""main""",299,"[/rosout, /hedge_pos_ang, /hedge_pos_a, /hedge_pos, /beacons_pos_a, /hedge_imu_raw,"
1545136287173827017,,37700,,1545136287,168473164,'',2,"""/hedge_rcv_bin""","""Address","""/home/rus/catkin_ws/src/marvelmind_robotics-ros_marvelmind_package-161ebebacf04/src/hedge_rcv_bin.cpp""","""main""",299,"[/rosout, /hedge_pos_ang, /hedge_pos_a, /hedge_pos, /beacons_pos_a, /hedge_imu_raw,"
1545136287296126870,,37701,,1545136287,286514700,'',2,"""/hedge_rcv_bin""","""Address","""/home/rus/catkin_ws/src/marvelmind_robotics-ros_marvelmind_package-161ebebacf04/src/hedge_rcv_bin.cpp""","""main""",299,"[/rosout, /hedge_pos_ang, /hedge_pos_a, /hedge_pos, /beacons_pos_a, /hedge_imu_raw,"
1545136287412363911,,37702,,1545136287,404535431,'',2,"""/hedge_rcv_bin""","""Address","""/home/rus/catkin_ws/src/marvelmind_robotics-ros_marvelmind_package-161ebebacf04/src/hedge_rcv_bin.cpp""","""main""",299,"[/rosout, /hedge_pos_ang, /hedge_pos_a, /hedge_pos, /beacons_pos_a, /hedge_imu_raw,"
1545136287533761060,,37703,,1545136287,523361317,'',2,"""/hedge_rcv_bin""","""Address","""/home/rus/catkin_ws/src/marvelmind_robotics-ros_marvelmind_package-161ebebacf04/src/hedge_rcv_bin.cpp""","""main""",299,"[/rosout, /hedge_pos_ang, /hedge_pos_a, /hedge_pos, /beacons_pos_a, /hedge_imu_raw,"
1545136287650808609,,37704,,1545136287,641502427,'',2,"""/hedge_rcv_bin""","""Address","""/home/rus/catkin_ws/src/marvelmind_robotics-ros_marvelmind_package-161ebebacf04/src/hedge_rcv_bin.cpp""","""main""",299,"[/rosout, /hedge_pos_ang, /hedge_pos_a, /hedge_pos, /beacons_pos_a, /hedge_imu_raw,"
1545136287761972601,,37705,,1545136287,755618319,'',4,"""/vicon""","""palm occluded, not publishing... ""","""/home/ruslan/crazyflie_ws/src/vicon_bridge/src/vicon_bridge.cpp""","""process_subjects""",528,"[/rosout, /diagnostics, /tf, /vicon/markers, /vicon/cf1/cf1, /vicon/cf2/cf2, /vicon/lidar/lidar,"
1545136287769531224,,37706,,1545136287,759518932,'',2,"""/hedge_rcv_bin""","""Address","""/home/rus/catkin_ws/src/marvelmind_robotics-ros_marvelmind_package-161ebebacf04/src/hedge_rcv_bin.cpp""","""main""",299,"[/rosout, /hedge_pos_ang, /hedge_pos_a, /hedge_pos, /beacons_pos_a, /hedge_imu_raw,"
1545136288005664106,,37707,,1545136287,995590082,'',2,"""/hedge_rcv_bin""","""Address","""/home/rus/catkin_ws/src/marvelmind_robotics-ros_marvelmind_package-161ebebacf04/src/hedge_rcv_bin.cpp""","""main""",299,"[/rosout, /hedge_pos_ang, /hedge_pos_a, /hedge_pos, /beacons_pos_a, /hedge_imu_raw,"
1545136288124109349,,37708,,1545136288,113782346,'',2,"""/hedge_rcv_bin""","""Address","""/home/rus/catkin_ws/src/marvelmind_robotics-ros_marvelmind_package-161ebebacf04/src/hedge_rcv_bin.cpp""","""main""",299,"[/rosout, /hedge_pos_ang, /hedge_pos_a, /hedge_pos, /beacons_pos_a, /hedge_imu_raw,"
1545136288356355327,,37709,,1545136288,350615426,'',2,"""/hedge_rcv_bin""","""Address","""/home/rus/catkin_ws/src/marvelmind_robotics-ros_marvelmind_package-161ebebacf04/src/hedge_rcv_bin.cpp""","""main""",299,"[/rosout, /hedge_pos_ang, /hedge_pos_a, /hedge_pos, /beacons_pos_a, /hedge_imu_raw,"
1545136288482864341,,37710,,1545136288,468560209,'',2,"""/hedge_rcv_bin""","""Address","""/home/rus/catkin_ws/src/marvelmind_robotics-ros_marvelmind_package-161ebebacf04/src/hedge_rcv_bin.cpp""","""main""",299,"[/rosout, /hedge_pos_ang, /hedge_pos_a, /hedge_pos, /beacons_pos_a, /hedge_imu_raw,"
1545136288715243417,,37711,,1545136288,705752180,'',2,"""/hedge_rcv_bin""","""Address","""/home/rus/catkin_ws/src/marvelmind_robotics-ros_marvelmind_package-161ebebacf04/src/hedge_rcv_bin.cpp""","""main""",299,"[/rosout, /hedge_pos_ang, /hedge_pos_a, /hedge_pos, /beacons_pos_a, /hedge_imu_raw,"
1545136288762247734,,37712,,1545136288,754797196,'',4,"""/vicon""","""palm occluded, not publishing... ""","""/home/ruslan/crazyflie_ws/src/vicon_bridge/src/vicon_bridge.cpp""","""process_subjects""",528,"[/rosout, /diagnostics, /tf, /vicon/markers, /vicon/cf1/cf1, /vicon/cf2/cf2, /vicon/lidar/lidar,"
1545136288833416530,,37713,,1545136288,823551776,'',2,"""/hedge_rcv_bin""","""Address","""/home/rus/catkin_ws/src/marvelmind_robotics-ros_marvelmind_package-161ebebacf04/src/hedge_rcv_bin.cpp""","""main""",299,"[/rosout, /hedge_pos_ang, /hedge_pos_a, /hedge_pos, /beacons_pos_a, /hedge_imu_raw,"
1545136288954727532,,37714,,1545136288,942348113,'',2,"""/hedge_rcv_bin""","""Address","""/home/rus/catkin_ws/src/marvelmind_robotics-ros_marvelmind_package-161ebebacf04/src/hedge_rcv_bin.cpp""","""main""",299,"[/rosout, /hedge_pos_ang, /hedge_pos_a, /hedge_pos, /beacons_pos_a, /hedge_imu_raw,"
1545136289071524298,,37715,,1545136289,59523508,'',2,"""/hedge_rcv_bin""","""Address","""/home/rus/catkin_ws/src/marvelmind_robotics-ros_marvelmind_package-161ebebacf04/src/hedge_rcv_bin.cpp""","""main""",299,"[/rosout, /hedge_pos_ang, /hedge_pos_a, /hedge_pos, /beacons_pos_a, /hedge_imu_raw,"
1545136289203951850,,37716,,1545136289,177148494,'',2,"""/hedge_rcv_bin""","""Address","""/home/rus/catkin_ws/src/marvelmind_robotics-ros_marvelmind_package-161ebebacf04/src/hedge_rcv_bin.cpp""","""main""",299,"[/rosout, /hedge_pos_ang, /hedge_pos_a, /hedge_pos, /beacons_pos_a, /hedge_imu_raw,"
1545136289419580636,,37717,,1545136289,414181860,'',2,"""/hedge_rcv_bin""","""Address","""/home/rus/catkin_ws/src/marvelmind_robotics-ros_marvelmind_package-161ebebacf04/src/hedge_rcv_bin.cpp""","""main""",299,"[/rosout, /hedge_pos_ang, /hedge_pos_a, /hedge_pos, /beacons_pos_a, /hedge_imu_raw,"
1545136289541930999,,37718,,1545136289,532552771,'',2,"""/hedge_rcv_bin""","""Address","""/home/rus/catkin_ws/src/marvelmind_robotics-ros_marvelmind_package-161ebebacf04/src/hedge_rcv_bin.cpp""","""main""",299,"[/rosout, /hedge_pos_ang, /hedge_pos_a, /hedge_pos, /beacons_pos_a, /hedge_imu_raw,"
1545136289663350392,,37719,,1545136289,650683412,'',2,"""/hedge_rcv_bin""","""Address","""/home/rus/catkin_ws/src/marvelmind_robotics-ros_marvelmind_package-161ebebacf04/src/hedge_rcv_bin.cpp""","""main""",299,"[/rosout, /hedge_pos_ang, /hedge_pos_a, /hedge_pos, /beacons_pos_a, /hedge_imu_raw,"
1545136289761105775,,37720,,1545136289,755327327,'',4,"""/vicon""","""palm occluded, not publishing... ""","""/home/ruslan/crazyflie_ws/src/vicon_bridge/src/vicon_bridge.cpp""","""process_subjects""",528,"[/rosout, /diagnostics, /tf, /vicon/markers, /vicon/cf1/cf1, /vicon/cf2/cf2, /vicon/lidar/lidar,"
1545136289783412531,,37721,,1545136289,768893195,'',2,"""/hedge_rcv_bin""","""Address","""/home/rus/catkin_ws/src/marvelmind_robotics-ros_marvelmind_package-161ebebacf04/src/hedge_rcv_bin.cpp""","""main""",299,"[/rosout, /hedge_pos_ang, /hedge_pos_a, /hedge_pos, /beacons_pos_a, /hedge_imu_raw,"
1545136290018704284,,37722,,1545136290,5792191,'',2,"""/hedge_rcv_bin""","""Address","""/home/rus/catkin_ws/src/marvelmind_robotics-ros_marvelmind_package-161ebebacf04/src/hedge_rcv_bin.cpp""","""main""",299,"[/rosout, /hedge_pos_ang, /hedge_pos_a, /hedge_pos, /beacons_pos_a, /hedge_imu_raw,"
1545136290245268985,,37723,,1545136290,242418498,'',2,"""/hedge_rcv_bin""","""Address","""/home/rus/catkin_ws/src/marvelmind_robotics-ros_marvelmind_package-161ebebacf04/src/hedge_rcv_bin.cpp""","""main""",299,"[/rosout, /hedge_pos_ang, /hedge_pos_a, /hedge_pos, /beacons_pos_a, /hedge_imu_raw,"
1545136290373017609,,37724,,1545136290,359606945,'',2,"""/hedge_rcv_bin""","""Address","""/home/rus/catkin_ws/src/marvelmind_robotics-ros_marvelmind_package-161ebebacf04/src/hedge_rcv_bin.cpp""","""main""",299,"[/rosout, /hedge_pos_ang, /hedge_pos_a, /hedge_pos, /beacons_pos_a, /hedge_imu_raw,"
1545136290509493162,,37725,,1545136290,478721680,'',2,"""/hedge_rcv_bin""","""Address","""/home/rus/catkin_ws/src/marvelmind_robotics-ros_marvelmind_package-161ebebacf04/src/hedge_rcv_bin.cpp""","""main""",299,"[/rosout, /hedge_pos_ang, /hedge_pos_a, /hedge_pos, /beacons_pos_a, /hedge_imu_raw,"
1545136290603062837,,37726,,1545136290,596703052,'',2,"""/hedge_rcv_bin""","""Address","""/home/rus/catkin_ws/src/marvelmind_robotics-ros_marvelmind_package-161ebebacf04/src/hedge_rcv_bin.cpp""","""main""",299,"[/rosout, /hedge_pos_ang, /hedge_pos_a, /hedge_pos, /beacons_pos_a, /hedge_imu_raw,"
1545136290728400568,,37727,,1545136290,714810083,'',2,"""/hedge_rcv_bin""","""Address","""/home/rus/catkin_ws/src/marvelmind_robotics-ros_marvelmind_package-161ebebacf04/src/hedge_rcv_bin.cpp""","""main""",299,"[/rosout, /hedge_pos_ang, /hedge_pos_a, /hedge_pos, /beacons_pos_a, /hedge_imu_raw,"
1545136290760589457,,37728,,1545136290,756164883,'',4,"""/vicon""","""palm occluded, not publishing... ""","""/home/ruslan/crazyflie_ws/src/vicon_bridge/src/vicon_bridge.cpp""","""process_subjects""",528,"[/rosout, /diagnostics, /tf, /vicon/markers, /vicon/cf1/cf1, /vicon/cf2/cf2, /vicon/lidar/lidar,"
1545136290851116746,,37729,,1545136290,832550950,'',2,"""/hedge_rcv_bin""","""Address","""/home/rus/catkin_ws/src/marvelmind_robotics-ros_marvelmind_package-161ebebacf04/src/hedge_rcv_bin.cpp""","""main""",299,"[/rosout, /hedge_pos_ang, /hedge_pos_a, /hedge_pos, /beacons_pos_a, /hedge_imu_raw,"
1545136290955673855,,37730,,1545136290,951677560,'',2,"""/hedge_rcv_bin""","""Address","""/home/rus/catkin_ws/src/marvelmind_robotics-ros_marvelmind_package-161ebebacf04/src/hedge_rcv_bin.cpp""","""main""",299,"[/rosout, /hedge_pos_ang, /hedge_pos_a, /hedge_pos, /beacons_pos_a, /hedge_imu_raw,"
1545136291086439235,,37731,,1545136291,69673710,'',2,"""/hedge_rcv_bin""","""Address","""/home/rus/catkin_ws/src/marvelmind_robotics-ros_marvelmind_package-161ebebacf04/src/hedge_rcv_bin.cpp""","""main""",299,"[/rosout, /hedge_pos_ang, /hedge_pos_a, /hedge_pos, /beacons_pos_a, /hedge_imu_raw,"
1545136291194450534,,37732,,1545136291,187478444,'',2,"""/hedge_rcv_bin""","""Address","""/home/rus/catkin_ws/src/marvelmind_robotics-ros_marvelmind_package-161ebebacf04/src/hedge_rcv_bin.cpp""","""main""",299,"[/rosout, /hedge_pos_ang, /hedge_pos_a, /hedge_pos, /beacons_pos_a, /hedge_imu_raw,"
1545136291318602022,,37733,,1545136291,306669323,'',2,"""/hedge_rcv_bin""","""Address","""/home/rus/catkin_ws/src/marvelmind_robotics-ros_marvelmind_package-161ebebacf04/src/hedge_rcv_bin.cpp""","""main""",299,"[/rosout, /hedge_pos_ang, /hedge_pos_a, /hedge_pos, /beacons_pos_a, /hedge_imu_raw,"
1545136291428222623,,37734,,1545136291,423626620,'',2,"""/hedge_rcv_bin""","""Address","""/home/rus/catkin_ws/src/marvelmind_robotics-ros_marvelmind_package-161ebebacf04/src/hedge_rcv_bin.cpp""","""main""",299,"[/rosout, /hedge_pos_ang, /hedge_pos_a, /hedge_pos, /beacons_pos_a, /hedge_imu_raw,"
1545136291546780225,,37735,,1545136291,542776275,'',2,"""/hedge_rcv_bin""","""Address","""/home/rus/catkin_ws/src/marvelmind_robotics-ros_marvelmind_package-161ebebacf04/src/hedge_rcv_bin.cpp""","""main""",299,"[/rosout, /hedge_pos_ang, /hedge_pos_a, /hedge_pos, /beacons_pos_a, /hedge_imu_raw,"
1545136291670347403,,37736,,1545136291,660579413,'',2,"""/hedge_rcv_bin""","""Address","""/home/rus/catkin_ws/src/marvelmind_robotics-ros_marvelmind_package-161ebebacf04/src/hedge_rcv_bin.cpp""","""main""",299,"[/rosout, /hedge_pos_ang, /hedge_pos_a, /hedge_pos, /beacons_pos_a, /hedge_imu_raw,"
1545136291759841276,,37737,,1545136291,755377285,'',4,"""/vicon""","""palm occluded, not publishing... ""","""/home/ruslan/crazyflie_ws/src/vicon_bridge/src/vicon_bridge.cpp""","""process_subjects""",528,"[/rosout, /diagnostics, /tf, /vicon/markers, /vicon/cf1/cf1, /vicon/cf2/cf2, /vicon/lidar/lidar,"
1545136291784727979,,37738,,1545136291,778587197,'',2,"""/hedge_rcv_bin""","""Address","""/home/rus/catkin_ws/src/marvelmind_robotics-ros_marvelmind_package-161ebebacf04/src/hedge_rcv_bin.cpp""","""main""",299,"[/rosout, /hedge_pos_ang, /hedge_pos_a, /hedge_pos, /beacons_pos_a, /hedge_imu_raw,"
1545136291911271252,,37739,,1545136291,896620544,'',2,"""/hedge_rcv_bin""","""Address","""/home/rus/catkin_ws/src/marvelmind_robotics-ros_marvelmind_package-161ebebacf04/src/hedge_rcv_bin.cpp""","""main""",299,"[/rosout, /hedge_pos_ang, /hedge_pos_a, /hedge_pos, /beacons_pos_a, /hedge_imu_raw,"
1545136292023942245,,37740,,1545136292,14525504,'',2,"""/hedge_rcv_bin""","""Address","""/home/rus/catkin_ws/src/marvelmind_robotics-ros_marvelmind_package-161ebebacf04/src/hedge_rcv_bin.cpp""","""main""",299,"[/rosout, /hedge_pos_ang, /hedge_pos_a, /hedge_pos, /beacons_pos_a, /hedge_imu_raw,"
1545136292150710277,,37741,,1545136292,133750803,'',2,"""/hedge_rcv_bin""","""Address","""/home/rus/catkin_ws/src/marvelmind_robotics-ros_marvelmind_package-161ebebacf04/src/hedge_rcv_bin.cpp""","""main""",299,"[/rosout, /hedge_pos_ang, /hedge_pos_a, /hedge_pos, /beacons_pos_a, /hedge_imu_raw,"
1545136292256088375,,37742,,1545136292,252425052,'',2,"""/hedge_rcv_bin""","""Address","""/home/rus/catkin_ws/src/marvelmind_robotics-ros_marvelmind_package-161ebebacf04/src/hedge_rcv_bin.cpp""","""main""",299,"[/rosout, /hedge_pos_ang, /hedge_pos_a, /hedge_pos, /beacons_pos_a, /hedge_imu_raw,"
1545136292373568435,,37743,,1545136292,369534067,'',2,"""/hedge_rcv_bin""","""Address","""/home/rus/catkin_ws/src/marvelmind_robotics-ros_marvelmind_package-161ebebacf04/src/hedge_rcv_bin.cpp""","""main""",299,"[/rosout, /hedge_pos_ang, /hedge_pos_a, /hedge_pos, /beacons_pos_a, /hedge_imu_raw,"
1545136292492087904,,37744,,1545136292,487641280,'',2,"""/hedge_rcv_bin""","""Address","""/home/rus/catkin_ws/src/marvelmind_robotics-ros_marvelmind_package-161ebebacf04/src/hedge_rcv_bin.cpp""","""main""",299,"[/rosout, /hedge_pos_ang, /hedge_pos_a, /hedge_pos, /beacons_pos_a, /hedge_imu_raw,"
1545136292629200492,,37745,,1545136292,606871259,'',2,"""/hedge_rcv_bin""","""Address","""/home/rus/catkin_ws/src/marvelmind_robotics-ros_marvelmind_package-161ebebacf04/src/hedge_rcv_bin.cpp""","""main""",299,"[/rosout, /hedge_pos_ang, /hedge_pos_a, /hedge_pos, /beacons_pos_a, /hedge_imu_raw,"
1545136292755147806,,37746,,1545136292,724739489,'',2,"""/hedge_rcv_bin""","""Address","""/home/rus/catkin_ws/src/marvelmind_robotics-ros_marvelmind_package-161ebebacf04/src/hedge_rcv_bin.cpp""","""main""",299,"[/rosout, /hedge_pos_ang, /hedge_pos_a, /hedge_pos, /beacons_pos_a, /hedge_imu_raw,"
1545136292769092938,,37747,,1545136292,753195434,'',4,"""/vicon""","""palm occluded, not publishing... ""","""/home/ruslan/crazyflie_ws/src/vicon_bridge/src/vicon_bridge.cpp""","""process_subjects""",528,"[/rosout, /diagnostics, /tf, /vicon/markers, /vicon/cf1/cf1, /vicon/cf2/cf2, /vicon/lidar/lidar,"
1545136292856243849,,37748,,1545136292,842491227,'',2,"""/hedge_rcv_bin""","""Address","""/home/rus/catkin_ws/src/marvelmind_robotics-ros_marvelmind_package-161ebebacf04/src/hedge_rcv_bin.cpp""","""main""",299,"[/rosout, /hedge_pos_ang, /hedge_pos_a, /hedge_pos, /beacons_pos_a, /hedge_imu_raw,"
1545136292968689851,,37749,,1545136292,960672608,'',2,"""/hedge_rcv_bin""","""Address","""/home/rus/catkin_ws/src/marvelmind_robotics-ros_marvelmind_package-161ebebacf04/src/hedge_rcv_bin.cpp""","""main""",299,"[/rosout, /hedge_pos_ang, /hedge_pos_a, /hedge_pos, /beacons_pos_a, /hedge_imu_raw,"
1545136293085835959,,37750,,1545136293,78656818,'',2,"""/hedge_rcv_bin""","""Address","""/home/rus/catkin_ws/src/marvelmind_robotics-ros_marvelmind_package-161ebebacf04/src/hedge_rcv_bin.cpp""","""main""",299,"[/rosout, /hedge_pos_ang, /hedge_pos_a, /hedge_pos, /beacons_pos_a, /hedge_imu_raw,"
1545136293208915535,,37751,,1545136293,197601406,'',2,"""/hedge_rcv_bin""","""Address","""/home/rus/catkin_ws/src/marvelmind_robotics-ros_marvelmind_package-161ebebacf04/src/hedge_rcv_bin.cpp""","""main""",299,"[/rosout, /hedge_pos_ang, /hedge_pos_a, /hedge_pos, /beacons_pos_a, /hedge_imu_raw,"
1545136293322322426,,37752,,1545136293,316346535,'',2,"""/hedge_rcv_bin""","""Address","""/home/rus/catkin_ws/src/marvelmind_robotics-ros_marvelmind_package-161ebebacf04/src/hedge_rcv_bin.cpp""","""main""",299,"[/rosout, /hedge_pos_ang, /hedge_pos_a, /hedge_pos, /beacons_pos_a, /hedge_imu_raw,"
1545136293444794532,,37753,,1545136293,433784186,'',2,"""/hedge_rcv_bin""","""Address","""/home/rus/catkin_ws/src/marvelmind_robotics-ros_marvelmind_package-161ebebacf04/src/hedge_rcv_bin.cpp""","""main""",299,"[/rosout, /hedge_pos_ang, /hedge_pos_a, /hedge_pos, /beacons_pos_a, /hedge_imu_raw,"
1545136293678696744,,37754,,1545136293,669601477,'',2,"""/hedge_rcv_bin""","""Address","""/home/rus/catkin_ws/src/marvelmind_robotics-ros_marvelmind_package-161ebebacf04/src/hedge_rcv_bin.cpp""","""main""",299,"[/rosout, /hedge_pos_ang, /hedge_pos_a, /hedge_pos, /beacons_pos_a, /hedge_imu_raw,"
1545136293766232557,,37755,,1545136293,754596973,'',4,"""/vicon""","""palm occluded, not publishing... ""","""/home/ruslan/crazyflie_ws/src/vicon_bridge/src/vicon_bridge.cpp""","""process_subjects""",528,"[/rosout, /diagnostics, /tf, /vicon/markers, /vicon/cf1/cf1, /vicon/cf2/cf2, /vicon/lidar/lidar,"
1545136293794500308,,37756,,1545136293,788644520,'',2,"""/hedge_rcv_bin""","""Address","""/home/rus/catkin_ws/src/marvelmind_robotics-ros_marvelmind_package-161ebebacf04/src/hedge_rcv_bin.cpp""","""main""",299,"[/rosout, /hedge_pos_ang, /hedge_pos_a, /hedge_pos, /beacons_pos_a, /hedge_imu_raw,"
1545136293914398199,,37757,,1545136293,906749109,'',2,"""/hedge_rcv_bin""","""Address","""/home/rus/catkin_ws/src/marvelmind_robotics-ros_marvelmind_package-161ebebacf04/src/hedge_rcv_bin.cpp""","""main""",299,"[/rosout, /hedge_pos_ang, /hedge_pos_a, /hedge_pos, /beacons_pos_a, /hedge_imu_raw,"
1545136294160332887,,37758,,1545136294,142657776,'',2,"""/hedge_rcv_bin""","""Address","""/home/rus/catkin_ws/src/marvelmind_robotics-ros_marvelmind_package-161ebebacf04/src/hedge_rcv_bin.cpp""","""main""",299,"[/rosout, /hedge_pos_ang, /hedge_pos_a, /hedge_pos, /beacons_pos_a, /hedge_imu_raw,"
1545136294273293199,,37759,,1545136294,261801063,'',2,"""/hedge_rcv_bin""","""Address","""/home/rus/catkin_ws/src/marvelmind_robotics-ros_marvelmind_package-161ebebacf04/src/hedge_rcv_bin.cpp""","""main""",299,"[/rosout, /hedge_pos_ang, /hedge_pos_a, /hedge_pos, /beacons_pos_a, /hedge_imu_raw,"
1545136294386640498,,37760,,1545136294,379745039,'',2,"""/hedge_rcv_bin""","""Address","""/home/rus/catkin_ws/src/marvelmind_robotics-ros_marvelmind_package-161ebebacf04/src/hedge_rcv_bin.cpp""","""main""",299,"[/rosout, /hedge_pos_ang, /hedge_pos_a, /hedge_pos, /beacons_pos_a, /hedge_imu_raw,"
1545136294504273124,,37761,,1545136294,498425967,'',2,"""/hedge_rcv_bin""","""Address","""/home/rus/catkin_ws/src/marvelmind_robotics-ros_marvelmind_package-161ebebacf04/src/hedge_rcv_bin.cpp""","""main""",299,"[/rosout, /hedge_pos_ang, /hedge_pos_a, /hedge_pos, /beacons_pos_a, /hedge_imu_raw,"
1545136294619447825,,37762,,1545136294,615698107,'',2,"""/hedge_rcv_bin""","""Address","""/home/rus/catkin_ws/src/marvelmind_robotics-ros_marvelmind_package-161ebebacf04/src/hedge_rcv_bin.cpp""","""main""",299,"[/rosout, /hedge_pos_ang, /hedge_pos_a, /hedge_pos, /beacons_pos_a, /hedge_imu_raw,"
1545136294740056474,,37763,,1545136294,734605913,'',2,"""/hedge_rcv_bin""","""Address","""/home/rus/catkin_ws/src/marvelmind_robotics-ros_marvelmind_package-161ebebacf04/src/hedge_rcv_bin.cpp""","""main""",299,"[/rosout, /hedge_pos_ang, /hedge_pos_a, /hedge_pos, /beacons_pos_a, /hedge_imu_raw,"
1545136294761047139,,37764,,1545136294,753455753,'',4,"""/vicon""","""palm occluded, not publishing... ""","""/home/ruslan/crazyflie_ws/src/vicon_bridge/src/vicon_bridge.cpp""","""process_subjects""",528,"[/rosout, /diagnostics, /tf, /vicon/markers, /vicon/cf1/cf1, /vicon/cf2/cf2, /vicon/lidar/lidar,"
1545136294859632691,,37765,,1545136294,852602531,'',2,"""/hedge_rcv_bin""","""Address","""/home/rus/catkin_ws/src/marvelmind_robotics-ros_marvelmind_package-161ebebacf04/src/hedge_rcv_bin.cpp""","""main""",299,"[/rosout, /hedge_pos_ang, /hedge_pos_a, /hedge_pos, /beacons_pos_a, /hedge_imu_raw,"
1545136294986304861,,37766,,1545136294,970475399,'',2,"""/hedge_rcv_bin""","""Address","""/home/rus/catkin_ws/src/marvelmind_robotics-ros_marvelmind_package-161ebebacf04/src/hedge_rcv_bin.cpp""","""main""",299,"[/rosout, /hedge_pos_ang, /hedge_pos_a, /hedge_pos, /beacons_pos_a, /hedge_imu_raw,"
1545136295095669177,,37767,,1545136295,88704644,'',2,"""/hedge_rcv_bin""","""Address","""/home/rus/catkin_ws/src/marvelmind_robotics-ros_marvelmind_package-161ebebacf04/src/hedge_rcv_bin.cpp""","""main""",299,"[/rosout, /hedge_pos_ang, /hedge_pos_a, /hedge_pos, /beacons_pos_a, /hedge_imu_raw,"
1545136295214570647,,37768,,1545136295,206653152,'',2,"""/hedge_rcv_bin""","""Address","""/home/rus/catkin_ws/src/marvelmind_robotics-ros_marvelmind_package-161ebebacf04/src/hedge_rcv_bin.cpp""","""main""",299,"[/rosout, /hedge_pos_ang, /hedge_pos_a, /hedge_pos, /beacons_pos_a, /hedge_imu_raw,"
1545136295368350284,,37769,,1545136295,325952829,'',2,"""/hedge_rcv_bin""","""Address","""/home/rus/catkin_ws/src/marvelmind_robotics-ros_marvelmind_package-161ebebacf04/src/hedge_rcv_bin.cpp""","""main""",299,"[/rosout, /hedge_pos_ang, /hedge_pos_a, /hedge_pos, /beacons_pos_a, /hedge_imu_raw,"
1545136295449709727,,37770,,1545136295,443654145,'',2,"""/hedge_rcv_bin""","""Address","""/home/rus/catkin_ws/src/marvelmind_robotics-ros_marvelmind_package-161ebebacf04/src/hedge_rcv_bin.cpp""","""main""",299,"[/rosout, /hedge_pos_ang, /hedge_pos_a, /hedge_pos, /beacons_pos_a, /hedge_imu_raw,"
1545136295565682791,,37771,,1545136295,562456144,'',2,"""/hedge_rcv_bin""","""Address","""/home/rus/catkin_ws/src/marvelmind_robotics-ros_marvelmind_package-161ebebacf04/src/hedge_rcv_bin.cpp""","""main""",299,"[/rosout, /hedge_pos_ang, /hedge_pos_a, /hedge_pos, /beacons_pos_a, /hedge_imu_raw,"
1545136295706243330,,37772,,1545136295,679725059,'',2,"""/hedge_rcv_bin""","""Address","""/home/rus/catkin_ws/src/marvelmind_robotics-ros_marvelmind_package-161ebebacf04/src/hedge_rcv_bin.cpp""","""main""",299,"[/rosout, /hedge_pos_ang, /hedge_pos_a, /hedge_pos, /beacons_pos_a, /hedge_imu_raw,"
1545136295762358862,,37773,,1545136295,754644451,'',4,"""/vicon""","""palm occluded, not publishing... ""","""/home/ruslan/crazyflie_ws/src/vicon_bridge/src/vicon_bridge.cpp""","""process_subjects""",528,"[/rosout, /diagnostics, /tf, /vicon/markers, /vicon/cf1/cf1, /vicon/cf2/cf2, /vicon/lidar/lidar,"
1545136295806028450,,37774,,1545136295,797719051,'',2,"""/hedge_rcv_bin""","""Address","""/home/rus/catkin_ws/src/marvelmind_robotics-ros_marvelmind_package-161ebebacf04/src/hedge_rcv_bin.cpp""","""main""",299,"[/rosout, /hedge_pos_ang, /hedge_pos_a, /hedge_pos, /beacons_pos_a, /hedge_imu_raw,"
1545136295928280422,,37775,,1545136295,916582767,'',2,"""/hedge_rcv_bin""","""Address","""/home/rus/catkin_ws/src/marvelmind_robotics-ros_marvelmind_package-161ebebacf04/src/hedge_rcv_bin.cpp""","""main""",299,"[/rosout, /hedge_pos_ang, /hedge_pos_a, /hedge_pos, /beacons_pos_a, /hedge_imu_raw,"
1545136296035885454,,37776,,1545136296,28773954,'',2,"""/hedge_rcv_bin""","""Stationary beacon","""/home/rus/catkin_ws/src/marvelmind_robotics-ros_marvelmind_package-161ebebacf04/src/hedge_rcv_bin.cpp""","""main""",312,"[/rosout, /hedge_pos_ang, /hedge_pos_a, /hedge_pos, /beacons_pos_a, /hedge_imu_raw,"
1545136296043817614,,37777,,1545136296,28902694,'',2,"""/hedge_rcv_bin""","""Stationary beacon","""/home/rus/catkin_ws/src/marvelmind_robotics-ros_marvelmind_package-161ebebacf04/src/hedge_rcv_bin.cpp""","""main""",312,"[/rosout, /hedge_pos_ang, /hedge_pos_a, /hedge_pos, /beacons_pos_a, /hedge_imu_raw,"
1545136296055147017,,37778,,1545136296,29044803,'',2,"""/hedge_rcv_bin""","""Stationary beacon","""/home/rus/catkin_ws/src/marvelmind_robotics-ros_marvelmind_package-161ebebacf04/src/hedge_rcv_bin.cpp""","""main""",312,"[/rosout, /hedge_pos_ang, /hedge_pos_a, /hedge_pos, /beacons_pos_a, /hedge_imu_raw,"
1545136296275412357,,37779,,1545136296,270502008,'',2,"""/hedge_rcv_bin""","""Address","""/home/rus/catkin_ws/src/marvelmind_robotics-ros_marvelmind_package-161ebebacf04/src/hedge_rcv_bin.cpp""","""main""",299,"[/rosout, /hedge_pos_ang, /hedge_pos_a, /hedge_pos, /beacons_pos_a, /hedge_imu_raw,"
1545136296399884870,,37780,,1545136296,389446981,'',2,"""/hedge_rcv_bin""","""Address","""/home/rus/catkin_ws/src/marvelmind_robotics-ros_marvelmind_package-161ebebacf04/src/hedge_rcv_bin.cpp""","""main""",299,"[/rosout, /hedge_pos_ang, /hedge_pos_a, /hedge_pos, /beacons_pos_a, /hedge_imu_raw,"
1545136296529251739,,37781,,1545136296,507670730,'',2,"""/hedge_rcv_bin""","""Address","""/home/rus/catkin_ws/src/marvelmind_robotics-ros_marvelmind_package-161ebebacf04/src/hedge_rcv_bin.cpp""","""main""",299,"[/rosout, /hedge_pos_ang, /hedge_pos_a, /hedge_pos, /beacons_pos_a, /hedge_imu_raw,"
1545136296642781781,,37782,,1545136296,626615417,'',2,"""/hedge_rcv_bin""","""Address","""/home/rus/catkin_ws/src/marvelmind_robotics-ros_marvelmind_package-161ebebacf04/src/hedge_rcv_bin.cpp""","""main""",299,"[/rosout, /hedge_pos_ang, /hedge_pos_a, /hedge_pos, /beacons_pos_a, /hedge_imu_raw,"
1545136296764099563,,37783,,1545136296,743978554,'',2,"""/hedge_rcv_bin""","""Address","""/home/rus/catkin_ws/src/marvelmind_robotics-ros_marvelmind_package-161ebebacf04/src/hedge_rcv_bin.cpp""","""main""",299,"[/rosout, /hedge_pos_ang, /hedge_pos_a, /hedge_pos, /beacons_pos_a, /hedge_imu_raw,"
1545136296780759186,,37784,,1545136296,755137711,'',4,"""/vicon""","""palm occluded, not publishing... ""","""/home/ruslan/crazyflie_ws/src/vicon_bridge/src/vicon_bridge.cpp""","""process_subjects""",528,"[/rosout, /diagnostics, /tf, /vicon/markers, /vicon/cf1/cf1, /vicon/cf2/cf2, /vicon/lidar/lidar,"
1545136296869794651,,37785,,1545136296,862682459,'',2,"""/hedge_rcv_bin""","""Address","""/home/rus/catkin_ws/src/marvelmind_robotics-ros_marvelmind_package-161ebebacf04/src/hedge_rcv_bin.cpp""","""main""",299,"[/rosout, /hedge_pos_ang, /hedge_pos_a, /hedge_pos, /beacons_pos_a, /hedge_imu_raw,"
1545136297023478876,,37786,,1545136296,980680243,'',2,"""/hedge_rcv_bin""","""Address","""/home/rus/catkin_ws/src/marvelmind_robotics-ros_marvelmind_package-161ebebacf04/src/hedge_rcv_bin.cpp""","""main""",299,"[/rosout, /hedge_pos_ang, /hedge_pos_a, /hedge_pos, /beacons_pos_a, /hedge_imu_raw,"
1545136297104905712,,37787,,1545136297,98551729,'',2,"""/hedge_rcv_bin""","""Address","""/home/rus/catkin_ws/src/marvelmind_robotics-ros_marvelmind_package-161ebebacf04/src/hedge_rcv_bin.cpp""","""main""",299,"[/rosout, /hedge_pos_ang, /hedge_pos_a, /hedge_pos, /beacons_pos_a, /hedge_imu_raw,"
1545136297221683572,,37788,,1545136297,216732954,'',2,"""/hedge_rcv_bin""","""Address","""/home/rus/catkin_ws/src/marvelmind_robotics-ros_marvelmind_package-161ebebacf04/src/hedge_rcv_bin.cpp""","""main""",299,"[/rosout, /hedge_pos_ang, /hedge_pos_a, /hedge_pos, /beacons_pos_a, /hedge_imu_raw,"
1545136297342297556,,37789,,1545136297,335512609,'',2,"""/hedge_rcv_bin""","""Address","""/home/rus/catkin_ws/src/marvelmind_robotics-ros_marvelmind_package-161ebebacf04/src/hedge_rcv_bin.cpp""","""main""",299,"[/rosout, /hedge_pos_ang, /hedge_pos_a, /hedge_pos, /beacons_pos_a, /hedge_imu_raw,"
1545136297458041121,,37790,,1545136297,453783951,'',2,"""/hedge_rcv_bin""","""Address","""/home/rus/catkin_ws/src/marvelmind_robotics-ros_marvelmind_package-161ebebacf04/src/hedge_rcv_bin.cpp""","""main""",299,"[/rosout, /hedge_pos_ang, /hedge_pos_a, /hedge_pos, /beacons_pos_a, /hedge_imu_raw,"
1545136297584617021,,37791,,1545136297,571752631,'',2,"""/hedge_rcv_bin""","""Address","""/home/rus/catkin_ws/src/marvelmind_robotics-ros_marvelmind_package-161ebebacf04/src/hedge_rcv_bin.cpp""","""main""",299,"[/rosout, /hedge_pos_ang, /hedge_pos_a, /hedge_pos, /beacons_pos_a, /hedge_imu_raw,"
1545136297703421770,,37792,,1545136297,690717956,'',2,"""/hedge_rcv_bin""","""Address","""/home/rus/catkin_ws/src/marvelmind_robotics-ros_marvelmind_package-161ebebacf04/src/hedge_rcv_bin.cpp""","""main""",299,"[/rosout, /hedge_pos_ang, /hedge_pos_a, /hedge_pos, /beacons_pos_a, /hedge_imu_raw,"
1545136297763786673,,37793,,1545136297,755449819,'',4,"""/vicon""","""palm occluded, not publishing... ""","""/home/ruslan/crazyflie_ws/src/vicon_bridge/src/vicon_bridge.cpp""","""process_subjects""",528,"[/rosout, /diagnostics, /tf, /vicon/markers, /vicon/cf1/cf1, /vicon/cf2/cf2, /vicon/lidar/lidar,"
1545136297815503169,,37794,,1545136297,807785441,'',2,"""/hedge_rcv_bin""","""Address","""/home/rus/catkin_ws/src/marvelmind_robotics-ros_marvelmind_package-161ebebacf04/src/hedge_rcv_bin.cpp""","""main""",299,"[/rosout, /hedge_pos_ang, /hedge_pos_a, /hedge_pos, /beacons_pos_a, /hedge_imu_raw,"
1545136298405280500,,37795,,1545136298,398658742,'',2,"""/hedge_rcv_bin""","""Address","""/home/rus/catkin_ws/src/marvelmind_robotics-ros_marvelmind_package-161ebebacf04/src/hedge_rcv_bin.cpp""","""main""",299,"[/rosout, /hedge_pos_ang, /hedge_pos_a, /hedge_pos, /beacons_pos_a, /hedge_imu_raw,"
1545136298760069515,,37796,,1545136298,754099909,'',4,"""/vicon""","""palm occluded, not publishing... ""","""/home/ruslan/crazyflie_ws/src/vicon_bridge/src/vicon_bridge.cpp""","""process_subjects""",528,"[/rosout, /diagnostics, /tf, /vicon/markers, /vicon/cf1/cf1, /vicon/cf2/cf2, /vicon/lidar/lidar,"
1545136298878274589,,37797,,1545136298,871706638,'',2,"""/hedge_rcv_bin""","""Address","""/home/rus/catkin_ws/src/marvelmind_robotics-ros_marvelmind_package-161ebebacf04/src/hedge_rcv_bin.cpp""","""main""",299,"[/rosout, /hedge_pos_ang, /hedge_pos_a, /hedge_pos, /beacons_pos_a, /hedge_imu_raw,"
1545136298996357502,,37798,,1545136298,990450548,'',2,"""/hedge_rcv_bin""","""Address","""/home/rus/catkin_ws/src/marvelmind_robotics-ros_marvelmind_package-161ebebacf04/src/hedge_rcv_bin.cpp""","""main""",299,"[/rosout, /hedge_pos_ang, /hedge_pos_a, /hedge_pos, /beacons_pos_a, /hedge_imu_raw,"
1545136299115182346,,37799,,1545136299,108572542,'',2,"""/hedge_rcv_bin""","""Address","""/home/rus/catkin_ws/src/marvelmind_robotics-ros_marvelmind_package-161ebebacf04/src/hedge_rcv_bin.cpp""","""main""",299,"[/rosout, /hedge_pos_ang, /hedge_pos_a, /hedge_pos, /beacons_pos_a, /hedge_imu_raw,"
1545136299235214672,,37800,,1545136299,226505030,'',2,"""/hedge_rcv_bin""","""Address","""/home/rus/catkin_ws/src/marvelmind_robotics-ros_marvelmind_package-161ebebacf04/src/hedge_rcv_bin.cpp""","""main""",299,"[/rosout, /hedge_pos_ang, /hedge_pos_a, /hedge_pos, /beacons_pos_a, /hedge_imu_raw,"
1545136299467074648,,37801,,1545136299,463929968,'',2,"""/hedge_rcv_bin""","""Address","""/home/rus/catkin_ws/src/marvelmind_robotics-ros_marvelmind_package-161ebebacf04/src/hedge_rcv_bin.cpp""","""main""",299,"[/rosout, /hedge_pos_ang, /hedge_pos_a, /hedge_pos, /beacons_pos_a, /hedge_imu_raw,"
1545136299599425457,,37802,,1545136299,582611804,'',2,"""/hedge_rcv_bin""","""Address","""/home/rus/catkin_ws/src/marvelmind_robotics-ros_marvelmind_package-161ebebacf04/src/hedge_rcv_bin.cpp""","""main""",299,"[/rosout, /hedge_pos_ang, /hedge_pos_a, /hedge_pos, /beacons_pos_a, /hedge_imu_raw,"
1545136299708878298,,37803,,1545136299,699955451,'',2,"""/hedge_rcv_bin""","""Address","""/home/rus/catkin_ws/src/marvelmind_robotics-ros_marvelmind_package-161ebebacf04/src/hedge_rcv_bin.cpp""","""main""",299,"[/rosout, /hedge_pos_ang, /hedge_pos_a, /hedge_pos, /beacons_pos_a, /hedge_imu_raw,"
1545136299758789339,,37804,,1545136299,754838055,'',4,"""/vicon""","""palm occluded, not publishing... ""","""/home/ruslan/crazyflie_ws/src/vicon_bridge/src/vicon_bridge.cpp""","""process_subjects""",528,"[/rosout, /diagnostics, /tf, /vicon/markers, /vicon/cf1/cf1, /vicon/cf2/cf2, /vicon/lidar/lidar,"
1545136299822345445,,37805,,1545136299,817773317,'',2,"""/hedge_rcv_bin""","""Address","""/home/rus/catkin_ws/src/marvelmind_robotics-ros_marvelmind_package-161ebebacf04/src/hedge_rcv_bin.cpp""","""main""",299,"[/rosout, /hedge_pos_ang, /hedge_pos_a, /hedge_pos, /beacons_pos_a, /hedge_imu_raw,"
1545136299942934043,,37806,,1545136299,936506958,'',2,"""/hedge_rcv_bin""","""Address","""/home/rus/catkin_ws/src/marvelmind_robotics-ros_marvelmind_package-161ebebacf04/src/hedge_rcv_bin.cpp""","""main""",299,"[/rosout, /hedge_pos_ang, /hedge_pos_a, /hedge_pos, /beacons_pos_a, /hedge_imu_raw,"
1545136300061051221,,37807,,1545136300,54568172,'',2,"""/hedge_rcv_bin""","""Address","""/home/rus/catkin_ws/src/marvelmind_robotics-ros_marvelmind_package-161ebebacf04/src/hedge_rcv_bin.cpp""","""main""",299,"[/rosout, /hedge_pos_ang, /hedge_pos_a, /hedge_pos, /beacons_pos_a, /hedge_imu_raw,"
1545136300541526925,,37808,,1545136300,527803411,'',2,"""/hedge_rcv_bin""","""Address","""/home/rus/catkin_ws/src/marvelmind_robotics-ros_marvelmind_package-161ebebacf04/src/hedge_rcv_bin.cpp""","""main""",299,"[/rosout, /hedge_pos_ang, /hedge_pos_a, /hedge_pos, /beacons_pos_a, /hedge_imu_raw,"
